{"cameraMode":{"drawMode":0,"name":"Shaded","section":"Shading Mode"},"sceneLighting":false,"audioPlay":false,"sceneViewState":{"showFog":true,"showMaterialUpdate":true,"showSkybox":false,"showFlares":true,"showImageEffects":true,"showParticleSystems":true},"in2DMode":false,"pivot":{"x":0.9286141395568848,"y":3.363426446914673,"z":-0.020193040370941163},"rotation":{"x":-0.03629941865801811,"y":0.02368871308863163,"z":-0.0008537792018614709,"w":-0.9990806579589844},"size":1.7566719055175782,"orthographic":false}