{"cameraMode":{"drawMode":0,"name":"Shaded","section":"Shading Mode"},"sceneLighting":false,"audioPlay":false,"sceneViewState":{"showFog":true,"showMaterialUpdate":true,"showSkybox":true,"showFlares":true,"showImageEffects":true,"showParticleSystems":true},"in2DMode":false,"pivot":{"x":-30.304018020629884,"y":4.205718040466309,"z":5.6335530281066898},"rotation":{"x":0.006882676854729652,"y":-0.02249150723218918,"z":-0.00011155923129990697,"w":-0.9997466802597046},"size":90.98197937011719,"orthographic":false}