{"cameraMode":{"drawMode":0,"name":"Shaded","section":"Shading Mode"},"sceneLighting":false,"audioPlay":false,"sceneViewState":{"showFog":true,"showMaterialUpdate":true,"showSkybox":false,"showFlares":true,"showImageEffects":true,"showParticleSystems":true},"in2DMode":false,"pivot":{"x":7.653187274932861,"y":1.214144229888916,"z":-0.00735161267220974},"rotation":{"x":-0.0018164640059694648,"y":-0.00779391685500741,"z":0.00002732117172854487,"w":-0.9999866485595703},"size":6.478558540344238,"orthographic":false}