{"cameraMode":{"drawMode":0,"name":"Shaded","section":"Shading Mode"},"sceneLighting":false,"audioPlay":false,"sceneViewState":{"showFog":true,"showMaterialUpdate":true,"showSkybox":false,"showFlares":true,"showImageEffects":true,"showParticleSystems":true},"in2DMode":false,"pivot":{"x":0.010043177753686905,"y":-0.009951282292604447,"z":-0.032262034714221957},"rotation":{"x":-0.030299631878733636,"y":-0.028776438906788827,"z":0.0008874154300428927,"w":-0.9991452693939209},"size":2.738069772720337,"orthographic":false}