{"cameraMode":{"drawMode":0,"name":"Shaded","section":"Shading Mode"},"sceneLighting":false,"audioPlay":false,"sceneViewState":{"showFog":true,"showMaterialUpdate":true,"showSkybox":true,"showFlares":true,"showImageEffects":true,"showParticleSystems":true},"in2DMode":false,"pivot":{"x":-32.63396453857422,"y":4.927128791809082,"z":2.4723098278045656},"rotation":{"x":0.009882948361337185,"y":-0.014992603100836277,"z":-0.00010489475971553475,"w":-0.9998621940612793},"size":41.57392120361328,"orthographic":false}