{"cameraMode":{"drawMode":0,"name":"Shaded","section":"Shading Mode"},"sceneLighting":false,"audioPlay":false,"sceneViewState":{"showFog":true,"showMaterialUpdate":true,"showSkybox":false,"showFlares":true,"showImageEffects":true,"showParticleSystems":true},"in2DMode":false,"pivot":{"x":217.47647094726563,"y":103.01458740234375,"z":-0.2851715683937073},"rotation":{"x":0.01708265393972397,"y":-0.0059945303946733479,"z":-0.0001132310790126212,"w":-0.9998526573181152},"size":58.123050689697269,"orthographic":false}