{"cameraMode":{"drawMode":0,"name":"Shaded","section":"Shading Mode"},"sceneLighting":false,"audioPlay":false,"sceneViewState":{"showFog":true,"showMaterialUpdate":true,"showSkybox":false,"showFlares":true,"showImageEffects":true,"showParticleSystems":true},"in2DMode":false,"pivot":{"x":7.119999885559082,"y":0.948190450668335,"z":0.0},"rotation":{"x":-0.0018164640059694648,"y":-0.00779391685500741,"z":0.00002732117172854487,"w":-0.9999866485595703},"size":4.678557395935059,"orthographic":false}