{"cameraMode":{"drawMode":0,"name":"Shaded","section":"Shading Mode"},"sceneLighting":false,"audioPlay":false,"sceneViewState":{"showFog":true,"showMaterialUpdate":true,"showSkybox":false,"showFlares":true,"showImageEffects":true,"showParticleSystems":true},"in2DMode":false,"pivot":{"x":-20.700000762939454,"y":-1.0999999046325684,"z":0.0},"rotation":{"x":-0.00511575723066926,"y":-0.013492533937096596,"z":0.00010771200322778895,"w":-0.9999184012413025},"size":2.84409761428833,"orthographic":false}