{"cameraMode":{"drawMode":0,"name":"Shaded","section":"Shading Mode"},"sceneLighting":false,"audioPlay":false,"sceneViewState":{"showFog":true,"showMaterialUpdate":true,"showSkybox":false,"showFlares":true,"showImageEffects":true,"showParticleSystems":true},"in2DMode":false,"pivot":{"x":0.1720171570777893,"y":2.823455810546875,"z":0.4995570182800293},"rotation":{"x":0.0005823707906529307,"y":-0.05546716973185539,"z":-0.00003441526132519357,"w":-0.9984700679779053},"size":1.1566720008850098,"orthographic":false}