{"cameraMode":{"drawMode":0,"name":"Shaded","section":"Shading Mode"},"sceneLighting":false,"audioPlay":false,"sceneViewState":{"showFog":true,"showMaterialUpdate":true,"showSkybox":false,"showFlares":true,"showImageEffects":true,"showParticleSystems":true},"in2DMode":false,"pivot":{"x":2.1240506172180177,"y":0.33087214827537539,"z":-3.403231620788574},"rotation":{"x":-0.02418510429561138,"y":0.10448756068944931,"z":-0.002507904777303338,"w":-0.994250476360321},"size":8.345314025878907,"orthographic":false}