{"cameraMode":{"drawMode":0,"name":"Shaded","section":"Shading Mode"},"sceneLighting":false,"audioPlay":false,"sceneViewState":{"showFog":true,"showMaterialUpdate":true,"showSkybox":false,"showFlares":true,"showImageEffects":true,"showParticleSystems":true},"in2DMode":false,"pivot":{"x":0.03987713158130646,"y":-0.14796504378318788,"z":-0.6209704875946045},"rotation":{"x":-0.0006160157499834895,"y":-0.014992766082286835,"z":0.000047921232180669904,"w":-0.9999101161956787},"size":5.745236396789551,"orthographic":false}